{"cameraMode":{"drawMode":0,"name":"Shaded","section":"Shading Mode"},"sceneLighting":false,"audioPlay":false,"sceneViewState":{"showFog":true,"showMaterialUpdate":false,"showSkybox":false,"showFlares":true,"showImageEffects":true,"showParticleSystems":true},"in2DMode":false,"pivot":{"x":0.0,"y":0.8628708124160767,"z":-0.033013761043548587},"rotation":{"x":0.01101682148873806,"y":0.9558839797973633,"z":-0.29130643606185915,"w":0.036150623112916949},"size":1.4437389373779297,"orthographic":false}